variant,secret_one_fraction,mse,psnr_db,changed_pixels_all,fraction_pixels_changed_all,positive_changes,negative_changes,signed_change_sum,signed_change_imbalance_ratio,lsb_mean,lsb_h_agreement,lsb_v_agreement,pair_balance_mean,pair_balance_std,pair_balance_max,coarse_hist_bin_15
cover_reference,0.425537109375,0.0,inf,0,0.0,0,0,0,0.0,0.499359130859375,0.5368259803921569,0.5519914215686275,0.0003142356872558594,0.0002816453115632423,0.0015869140625,0.002960205078125
plain_payload,0.425537109375,0.0313262939453125,63.171713421071544,2053,0.0313262939453125,1027,1026,1,0.0004870920603994153,0.4945526123046875,0.5399816176470589,0.5530024509803921,0.0003063678741455078,0.00029566739700031576,0.00152587890625,0.002960205078125
whitened_payload,0.502197265625,0.0318450927734375,63.10037842412518,2087,0.0318450927734375,1044,1043,1,0.0004791566842357449,0.4993438720703125,0.5369485294117647,0.5511948529411764,0.0003075599670410156,0.0002851817102274677,0.0014190673828125,0.002960205078125
