metric,n_pairs,mean_difference,std_difference,ci95_low,ci95_high,cohens_dz,signflip_pvalue
auc_reduction_plain_minus_white,100,0.1930612244897959,0.06604534214560535,0.1804081632653061,0.20571428571428574,2.923161849387772,1.999960000799984e-05
accuracy_reduction_plain_minus_white,100,0.19142857142857145,0.08959470343917512,0.1735714285714286,0.2085714285714286,2.136605893879991,1.999960000799984e-05
psnr_gain_white_minus_plain,21,0.037816035703351805,0.0970503480940443,-0.0036361061309888396,0.07758871803125383,0.3896537874001965,0.04411911761764765
mse_reduction_plain_minus_white,21,0.0002753848121279762,0.0006975032022064616,-2.1798270089285715e-05,0.0005623953683035714,0.39481512236335514,0.04265914681706366
fraction_changed_reduction_plain_minus_white,21,0.0002753848121279762,0.0006975032022064616,-2.1798270089285715e-05,0.0005623953683035714,0.39481512236335514,0.04265914681706366
imbalance_reduction_plain_minus_white,21,2.0849922131558127e-05,0.00035856983804630357,-0.00012009392555546025,0.00016171143139750435,0.058147451121824956,0.4795304093918122
white_auc_excess_over_chance,100,0.07,0.03926713693874013,0.06244897959183672,0.07755102040816327,1.7826611629262812,1.999960000799984e-05
white_accuracy_excess_over_chance,100,0.013571428571428566,0.03320165705083797,0.00714285714285714,0.019999999999999997,0.4087575674505692,9.99980000399992e-05
